arcp_line_code,ucn,call_ncode,call_no,franchisee_code,franchisee_name,serial_no,arcp_vitemserialno,arcp_nitemserialno,trhcalls_vserialno,bm_approved_date,bm_approved_amount,line_type,call_log_date,solve_date
1267904,26C161946,26C161946,26C161946,152,ABHIJEET REFRIGERATION,31907250201132,31907250201132,1.245732200,,14/04/2026 16:50,350,Service,16/03/2026 18:56,18/03/2026 16:51
1267878,26C071262,26C071262,26C071262,152,ABHIJEET REFRIGERATION,41740251201858,41740251201858,1.244491500,,14/04/2026 16:50,210,Travel,07/03/2026 16:15,11/03/2026 17:04
1267877,26C071262,26C071262,26C071262,152,ABHIJEET REFRIGERATION,41740251201858,41740251201858,1.244491500,,14/04/2026 16:50,350,Service,07/03/2026 16:15,11/03/2026 17:04
1267846,26C061121,26C061121,26C061121,152,ABHIJEET REFRIGERATION,42224250501046,42224250501046,1.244323600,,14/04/2026 16:50,350,Service,06/03/2026 15:26,11/03/2026 15:23
1267801,26B24113,26B24113,26B24113,152,ABHIJEET REFRIGERATION,31467160601790,31467160601790,1.240939100,,14/04/2026 16:50,630,Travel,24/02/2026 10:25,28/02/2026 15:42
1267800,26B24113,26B24113,26B24113,152,ABHIJEET REFRIGERATION,31467160601790,31467160601790,1.240939100,,14/04/2026 16:50,350,Service,24/02/2026 10:25,28/02/2026 15:42
1267777,26C091873,26C091873,26C091873,152,ABHIJEET REFRIGERATION,10199251009413,10199251009413,1.238462700,,14/04/2026 16:50,350,Service,09/03/2026 18:28,12/03/2026 18:50
1262178,26C11869,680,26C11869,152,ABHIJEET REFRIGERATION,32028251200771,32028251200771,1.245021400,,14/04/2026 16:50,1800,Service,11/03/2026 13:43,12/03/2026 19:14
1262177,26C11869,26C11869,26C11869,152,ABHIJEET REFRIGERATION,32028251200771,32028251200771,1.245021400,,14/04/2026 16:50,700,Travel,11/03/2026 13:43,12/03/2026 19:14
1262176,26C11869,26C11869,26C11869,152,ABHIJEET REFRIGERATION,32028251200771,32028251200771,1.245021400,,14/04/2026 16:50,350,Service,11/03/2026 13:43,12/03/2026 19:14
1261982,26C101320,682,26C101320,152,ABHIJEET REFRIGERATION,32028251200816,32028251200816,1.244911800,,14/04/2026 16:50,1800,Service,10/03/2026 16:35,11/03/2026 13:33
1261981,26C101320,26C101320,26C101320,152,ABHIJEET REFRIGERATION,32028251200816,32028251200816,1.244911800,,14/04/2026 16:50,210,Travel,10/03/2026 16:35,11/03/2026 13:33
1261980,26C101320,26C101320,26C101320,152,ABHIJEET REFRIGERATION,32028251200816,32028251200816,1.244911800,,14/04/2026 16:50,350,Service,10/03/2026 16:35,11/03/2026 13:33
1261956,26C071567,683,26C071567,152,ABHIJEET REFRIGERATION,42294260203871,42294260203871,1.244517400,,14/04/2026 16:50,1800,Service,07/03/2026 18:12,07/03/2026 18:25
1261955,26C071567,26C071567,26C071567,152,ABHIJEET REFRIGERATION,42294260203871,42294260203871,1.244517400,,14/04/2026 16:50,420,Travel,07/03/2026 18:12,07/03/2026 18:25
1261954,26C071567,26C071567,26C071567,152,ABHIJEET REFRIGERATION,42294260203871,42294260203871,1.244517400,,14/04/2026 16:50,350,Service,07/03/2026 18:12,07/03/2026 18:25
1261846,26B261501,686,26B261501,152,ABHIJEET REFRIGERATION,10174240100051,10174240100051,1.241336500,,14/04/2026 16:50,1800,Service,26/02/2026 17:51,24/03/2026 14:59
1261844,26B261501,26B261501,26B261501,152,ABHIJEET REFRIGERATION,10174240100051,10174240100051,1.241336500,,14/04/2026 16:50,350,Travel,26/02/2026 17:51,24/03/2026 14:59
1261843,26B261501,26B261501,26B261501,152,ABHIJEET REFRIGERATION,10174240100051,10174240100051,1.241336500,,14/04/2026 16:50,350,Service,26/02/2026 17:51,24/03/2026 14:59
1217224,26B271332,26B271332,26B271332,152,ABHIJEET REFRIGERATION,30099220300894,30099220300894,1.241488600,,02/04/2026 18:54,300,Service,27/02/2026 17:57,28/02/2026 18:10
1217171,26B12534,26B12534,26B12534,152,ABHIJEET REFRIGERATION,41962241200769,41962241200769,1.212338500,,02/04/2026 18:54,350,Service,12/02/2026 13:09,12/02/2026 15:21
1214109,26B24724,632,26B24724,152,ABHIJEET REFRIGERATION,31943250704641,31943250704641,1.240995500,,02/04/2026 18:54,1800,Service,24/02/2026 14:05,26/02/2026 16:38
1214107,26B24724,26B24724,26B24724,152,ABHIJEET REFRIGERATION,31943250704641,31943250704641,1.240995500,,02/04/2026 18:54,350,Service,24/02/2026 14:05,26/02/2026 16:38
1214083,26B251390,654,26B251390,152,ABHIJEET REFRIGERATION,31618251100878,31618251100878,1.241199300,,02/04/2026 18:54,1800,Service,25/02/2026 18:32,26/02/2026 19:06
1214081,26B251390,26B251390,26B251390,152,ABHIJEET REFRIGERATION,31618251100878,31618251100878,1.241199300,,02/04/2026 18:54,350,Service,25/02/2026 18:32,26/02/2026 19:06
1213665,26B021603,26B021603,26B021603,152,ABHIJEET REFRIGERATION,10175240305814,10175240305814,1.221218800,,02/04/2026 18:54,315,Travel,02/02/2026 18:27,06/02/2026 14:47
1213664,26B021603,26B021603,26B021603,152,ABHIJEET REFRIGERATION,10175240305814,10175240305814,1.221218800,,02/04/2026 18:54,350,Service,02/02/2026 18:27,06/02/2026 14:47
1213459,26A291659,567,26A291659,152,ABHIJEET REFRIGERATION,41361221200016,41361221200016,1.230592900,,02/04/2026 18:54,1800,Service,29/01/2026 17:05,09/02/2026 14:24
1213458,26A291659,26A291659,26A291659,152,ABHIJEET REFRIGERATION,41361221200016,41361221200016,1.230592900,,02/04/2026 18:54,280,Travel,29/01/2026 17:05,09/02/2026 14:24
1213457,26A291659,26A291659,26A291659,152,ABHIJEET REFRIGERATION,41361221200016,41361221200016,1.230592900,,02/04/2026 18:54,280,Travel,29/01/2026 17:05,09/02/2026 14:24
1213456,26A291659,26A291659,26A291659,152,ABHIJEET REFRIGERATION,41361221200016,41361221200016,1.230592900,,02/04/2026 18:54,350,Service,29/01/2026 17:05,09/02/2026 14:24
1213429,26A291199,26A291199,26A291199,152,ABHIJEET REFRIGERATION,31922250200916,31922250200916,1.230550400,,02/04/2026 18:54,350,Service,29/01/2026 14:38,06/02/2026 16:43
1213093,26A241356,26A241356,26A241356,152,ABHIJEET REFRIGERATION,42213251100840,42213251100840,1.228827300,,02/04/2026 18:54,350,Service,24/01/2026 16:54,31/01/2026 15:51
1213000,26B121088,26B121088,26B121088,152,ABHIJEET REFRIGERATION,32534251005248,32534251005248,1.236173200,,02/04/2026 18:54,200,Service,12/02/2026 17:05,28/02/2026 12:25
1212195,26B161222,26B161222,26B161222,152,ABHIJEET REFRIGERATION,41863241102430,41863241102430,1.237282600,,02/04/2026 18:54,210,Travel,16/02/2026 14:59,26/02/2026 16:23
1212194,26B161222,26B161222,26B161222,152,ABHIJEET REFRIGERATION,41863241102430,41863241102430,1.237282600,,02/04/2026 18:54,350,Service,16/02/2026 14:59,26/02/2026 16:23
1211766,26B121117,26B121117,26B121117,152,ABHIJEET REFRIGERATION,32534251005245,32534251005245,1.236173100,,02/04/2026 18:54,200,Service,12/02/2026 17:15,26/02/2026 19:59
1211760,26B121018,26B121018,26B121018,152,ABHIJEET REFRIGERATION,32534251005257,32534251005257,1.236173700,,02/04/2026 18:54,200,Service,12/02/2026 16:45,26/02/2026 15:55
1204237,26B121135,26B121135,26B121135,152,ABHIJEET REFRIGERATION,32534251005244,32534251005244,1.236172900,,02/04/2026 18:54,200,Service,12/02/2026 17:25,26/02/2026 13:09
1204215,26B181607,26B181607,26B181607,152,ABHIJEET REFRIGERATION,30099220300894,30099220300894,1.238457200,,02/04/2026 18:54,200,Service,18/02/2026 19:56,26/02/2026 16:00
1199578,26B12990,26B12990,26B12990,152,ABHIJEET REFRIGERATION,32534251005272,32534251005272,1.236173900,,02/04/2026 18:54,200,Service,12/02/2026 16:30,25/02/2026 16:00
1199574,26A31523,26A31523,26A31523,152,ABHIJEET REFRIGERATION,32534251005438,32534251005438,1.228921900,,02/04/2026 18:54,200,Service,31/01/2026 12:25,25/02/2026 17:17
1197831,26B18004,26B18004,26B18004,152,ABHIJEET REFRIGERATION,32028251200931,32028251200931,1.232700900,,02/04/2026 18:54,630,Travel,18/02/2026 08:13,18/02/2026 17:40
1197830,26B18004,26B18004,26B18004,152,ABHIJEET REFRIGERATION,32028251200931,32028251200931,1.232700900,,02/04/2026 18:54,350,Service,18/02/2026 08:13,18/02/2026 17:40
1197797,26B121129,26B121129,26B121129,152,ABHIJEET REFRIGERATION,32534251005256,32534251005256,1.236173600,,02/04/2026 18:54,200,Service,12/02/2026 17:20,25/02/2026 12:00
1197792,26B121101,26B121101,26B121101,152,ABHIJEET REFRIGERATION,32534251005268,32534251005268,1.236173800,,02/04/2026 18:54,560,Travel,12/02/2026 17:10,25/02/2026 15:39
1197791,26B121101,26B121101,26B121101,152,ABHIJEET REFRIGERATION,32534251005268,32534251005268,1.236173800,,02/04/2026 18:54,200,Service,12/02/2026 17:10,25/02/2026 15:39
1197784,26A31384,26A31384,26A31384,152,ABHIJEET REFRIGERATION,32568251104190,32568251104190,1.228921500,,02/04/2026 18:54,200,Service,31/01/2026 11:56,24/02/2026 14:32
1197779,26B20343,26B20343,26B20343,152,ABHIJEET REFRIGERATION,31888250503543,31888250503543,1.238621900,,02/04/2026 18:54,200,Service,20/02/2026 12:25,25/02/2026 12:48
1196670,26B121081,26B121081,26B121081,152,ABHIJEET REFRIGERATION,32534251005249,32534251005249,1.236173300,,02/04/2026 18:54,200,Service,12/02/2026 17:01,24/02/2026 14:27
1196668,26B121028,26B121028,26B121028,152,ABHIJEET REFRIGERATION,32534251005251,32534251005251,1.236173400,,02/04/2026 18:54,200,Service,12/02/2026 16:50,24/02/2026 13:59
1196664,26B121010,26B121010,26B121010,152,ABHIJEET REFRIGERATION,32534251005258,32534251005258,1.236175900,,02/04/2026 18:54,200,Service,12/02/2026 16:40,24/02/2026 13:51
1196661,26B161951,626,26B161951,152,ABHIJEET REFRIGERATION,31943250907169,31943250907169,1.237350900,,02/04/2026 18:54,1800,Service,16/02/2026 18:12,22/02/2026 13:00
1196660,26B161951,26B161951,26B161951,152,ABHIJEET REFRIGERATION,31943250907169,31943250907169,1.237350900,,02/04/2026 18:54,245,Travel,16/02/2026 18:12,22/02/2026 13:00
1196659,26B161951,26B161951,26B161951,152,ABHIJEET REFRIGERATION,31943250907169,31943250907169,1.237350900,,02/04/2026 18:54,350,Service,16/02/2026 18:12,22/02/2026 13:00
1196649,26B071132,26B071132,26B071132,152,ABHIJEET REFRIGERATION,31943241106484,31943241106484,1.234056900,,02/04/2026 18:54,350,Service,07/02/2026 18:01,11/02/2026 18:07
1196646,26B021768,26B021768,26B021768,152,ABHIJEET REFRIGERATION,41740250500955,41740250500955,1.231099600,,02/04/2026 18:54,250,Travel,02/02/2026 19:55,04/02/2026 16:18
1196645,26B021768,26B021768,26B021768,152,ABHIJEET REFRIGERATION,41740250500955,41740250500955,1.231099600,,02/04/2026 18:54,350,Service,02/02/2026 19:55,04/02/2026 16:18
1193698,26B20301,26B20301,26B20301,152,ABHIJEET REFRIGERATION,31888250503520,31888250503520,1.238618500,,02/04/2026 18:54,210,Travel,20/02/2026 12:10,21/02/2026 17:56
1193697,26B20301,26B20301,26B20301,152,ABHIJEET REFRIGERATION,31888250503520,31888250503520,1.238618500,,02/04/2026 18:54,200,Service,20/02/2026 12:10,21/02/2026 17:56
1188813,26B20810,26B20810,26B20810,152,ABHIJEET REFRIGERATION,31888250201190,31888250201190,1.238663100,,02/04/2026 18:54,200,Service,20/02/2026 16:07,21/02/2026 15:38
1187324,26B04002,625,26B04002,152,ABHIJEET REFRIGERATION,10175240304156,10175240304156,1.175658200,,02/04/2026 18:54,1800,Service,04/02/2026 08:41,09/02/2026 16:39
1187323,26B04002,26B04002,26B04002,152,ABHIJEET REFRIGERATION,10175240304156,10175240304156,1.175658200,,02/04/2026 18:54,385,Travel,04/02/2026 08:41,09/02/2026 16:39
1187322,26B04002,26B04002,26B04002,152,ABHIJEET REFRIGERATION,10175240304156,10175240304156,1.175658200,,02/04/2026 18:54,350,Service,04/02/2026 08:41,09/02/2026 16:39
1185831,26A31520,26A31520,26A31520,152,ABHIJEET REFRIGERATION,32534251005436,32534251005436,1.228922200,,02/04/2026 18:54,560,Travel,31/01/2026 12:25,14/02/2026 17:31
1185830,26A31520,26A31520,26A31520,152,ABHIJEET REFRIGERATION,32534251005436,32534251005436,1.228922200,,02/04/2026 18:54,200,Service,31/01/2026 12:25,14/02/2026 17:31
1185829,26A31551,26A31551,26A31551,152,ABHIJEET REFRIGERATION,32534251005439,32534251005439,1.228922100,,02/04/2026 18:54,560,Travel,31/01/2026 12:38,14/02/2026 17:39
1185828,26A31551,26A31551,26A31551,152,ABHIJEET REFRIGERATION,32534251005439,32534251005439,1.228922100,,02/04/2026 18:54,200,Service,31/01/2026 12:38,14/02/2026 17:39
1175002,26A031111,26A031111,26A031111,152,ABHIJEET REFRIGERATION,41962241200769,41962241200769,1.212338500,,02/04/2026 18:54,595,Travel,03/01/2026 15:33,24/01/2026 16:18
1175001,26A031111,26A031111,26A031111,152,ABHIJEET REFRIGERATION,41962241200769,41962241200769,1.212338500,,02/04/2026 18:54,350,Service,03/01/2026 15:33,24/01/2026 16:18